"GeoFIPS","GeoName","Region","ComponentId","ComponentName","IndustryId","IndustryClassification","Description","2001","2002","2003","2004","2005","2006","2007","2008","2009","2010","2011","2012","2013","2014","2015"
"43900","Spartanburg, SC (Metropolitan Statistical Area)"," ","200","Gross domestic product (GDP) by metropolitan area","1","...","All industry total",8781,9204,9575,9684,10049,10661,11102,11243,10641,11410,11997,12263,12785,13525,14176
"43900","Spartanburg, SC (Metropolitan Statistical Area)"," ","200","Gross domestic product (GDP) by metropolitan area","2","..."," Private industries",7738,8111,8439,8485,8776,9336,9690,9753,9103,9860,10369,10631,11141,11842,12432
"43900","Spartanburg, SC (Metropolitan Statistical Area)"," ","200","Gross domestic product (GDP) by metropolitan area","3","11","  Agriculture, forestry, fishing, and hunting","(D)","(D)","(D)","(D)","(D)","(D)","(D)","(D)","(D)","(D)","(D)","(D)","(D)","(D)","(D)"
"43900","Spartanburg, SC (Metropolitan Statistical Area)"," ","200","Gross domestic product (GDP) by metropolitan area","4","111-112","   Farms",8,11,17,2,15,22,34,33,38,50,33,25,31,36,"(NA)"
"43900","Spartanburg, SC (Metropolitan Statistical Area)"," ","200","Gross domestic product (GDP) by metropolitan area","5","113-115","   Forestry, fishing, and related activities","(D)","(D)","(D)","(D)","(D)","(D)","(D)","(D)","(D)","(D)","(D)","(D)","(D)","(D)","(NA)"
"43900","Spartanburg, SC (Metropolitan Statistical Area)"," ","200","Gross domestic product (GDP) by metropolitan area","6","21","  Mining","(D)","(D)","(D)","(D)","(D)","(D)","(D)","(D)","(D)","(D)","(D)","(D)","(D)","(D)","(D)"
"43900","Spartanburg, SC (Metropolitan Statistical Area)"," ","200","Gross domestic product (GDP) by metropolitan area","7","211","   Oil and gas extraction","(L)","(L)","(L)","(L)","(L)","(L)","(L)","(L)","(L)","(L)","(L)","(L)","(L)","(L)","(NA)"
"43900","Spartanburg, SC (Metropolitan Statistical Area)"," ","200","Gross domestic product (GDP) by metropolitan area","8","212","   Mining, except oil and gas","(D)","(D)","(D)","(D)","(D)","(D)","(D)","(D)","(D)","(D)","(D)","(D)","(D)","(D)","(NA)"
"43900","Spartanburg, SC (Metropolitan Statistical Area)"," ","200","Gross domestic product (GDP) by metropolitan area","9","213","   Support activities for mining","(L)","(L)","(L)","(D)","(D)","(D)","(L)","(L)","(L)","(L)","(L)","(D)","(D)","(D)","(NA)"
"43900","Spartanburg, SC (Metropolitan Statistical Area)"," ","200","Gross domestic product (GDP) by metropolitan area","10","22","  Utilities",56,59,56,60,68,79,72,73,75,86,80,66,70,75,75
"43900","Spartanburg, SC (Metropolitan Statistical Area)"," ","200","Gross domestic product (GDP) by metropolitan area","11","23","  Construction",428,408,423,450,503,565,613,568,470,431,402,528,548,550,580
"43900","Spartanburg, SC (Metropolitan Statistical Area)"," ","200","Gross domestic product (GDP) by metropolitan area","12","31-33","  Manufacturing",3279,3421,3600,3239,3226,3384,3258,3070,2809,3440,3876,3958,4045,4366,4578
"43900","Spartanburg, SC (Metropolitan Statistical Area)"," ","200","Gross domestic product (GDP) by metropolitan area","13","...","   Durable goods manufacturing",1787,2082,2294,1992,2041,2126,1905,1826,1501,2085,2389,2576,2603,2891,3040
"43900","Spartanburg, SC (Metropolitan Statistical Area)"," ","200","Gross domestic product (GDP) by metropolitan area","14","321","    Wood products manufacturing","(D)","(D)","(D)","(D)","(D)","(D)","(D)","(D)","(D)","(D)","(D)","(D)","(D)","(D)","(NA)"
"43900","Spartanburg, SC (Metropolitan Statistical Area)"," ","200","Gross domestic product (GDP) by metropolitan area","15","327","    Nonmetallic mineral products manufacturing","(D)","(D)","(D)","(D)","(D)","(D)","(D)","(D)","(D)","(D)","(D)","(D)","(D)","(D)","(NA)"
"43900","Spartanburg, SC (Metropolitan Statistical Area)"," ","200","Gross domestic product (GDP) by metropolitan area","16","331","    Primary metals manufacturing",32,31,35,29,51,40,29,30,15,23,20,"(D)","(D)","(D)","(NA)"
"43900","Spartanburg, SC (Metropolitan Statistical Area)"," ","200","Gross domestic product (GDP) by metropolitan area","17","332","    Fabricated metal products",226,226,251,283,289,276,292,307,"(D)",296,"(D)","(D)","(D)","(D)","(NA)"
"43900","Spartanburg, SC (Metropolitan Statistical Area)"," ","200","Gross domestic product (GDP) by metropolitan area","18","333","    Machinery manufacturing","(D)","(D)","(D)","(D)","(D)",136,172,142,155,125,136,143,138,136,"(NA)"
"43900","Spartanburg, SC (Metropolitan Statistical Area)"," ","200","Gross domestic product (GDP) by metropolitan area","19","334","    Computer and electronic products manufacturing","(D)","(D)","(D)","(D)","(D)",15,14,18,15,19,29,52,61,76,"(NA)"
"43900","Spartanburg, SC (Metropolitan Statistical Area)"," ","200","Gross domestic product (GDP) by metropolitan area","20","335","    Electrical equipment, appliance, and components manufacturing",184,136,143,137,178,256,234,266,289,299,300,319,198,212,"(NA)"
"43900","Spartanburg, SC (Metropolitan Statistical Area)"," ","200","Gross domestic product (GDP) by metropolitan area","21","3361-3363","    Motor vehicles, bodies and trailers, and parts manufacturing","(D)","(D)","(D)","(D)","(D)","(D)","(D)","(D)","(D)","(D)","(D)","(D)","(D)","(D)","(NA)"
"43900","Spartanburg, SC (Metropolitan Statistical Area)"," ","200","Gross domestic product (GDP) by metropolitan area","22","3364-3366, 3369","    Other transportation equipment manufacturing","(D)","(D)","(D)","(D)","(D)","(D)","(D)","(D)","(D)","(D)","(D)","(D)",48,48,"(NA)"
"43900","Spartanburg, SC (Metropolitan Statistical Area)"," ","200","Gross domestic product (GDP) by metropolitan area","23","337","    Furniture and related products manufacturing",6,7,6,6,14,21,21,13,18,18,24,32,8,7,"(NA)"
"43900","Spartanburg, SC (Metropolitan Statistical Area)"," ","200","Gross domestic product (GDP) by metropolitan area","24","339","    Miscellaneous manufacturing","(D)","(D)","(D)","(D)","(D)",74,69,71,77,60,50,46,44,42,"(NA)"
"43900","Spartanburg, SC (Metropolitan Statistical Area)"," ","200","Gross domestic product (GDP) by metropolitan area","25","...","   Nondurable goods manufacturing",1492,1340,1306,1247,1185,1258,1353,1245,1307,1355,1487,1382,1443,1476,1538
"43900","Spartanburg, SC (Metropolitan Statistical Area)"," ","200","Gross domestic product (GDP) by metropolitan area","26","311-312","    Food and beverage and tobacco products manufacturing","(D)","(D)","(D)","(D)","(D)","(D)","(D)","(D)","(D)","(D)","(D)","(D)",86,101,"(NA)"
"43900","Spartanburg, SC (Metropolitan Statistical Area)"," ","200","Gross domestic product (GDP) by metropolitan area","27","313-314","    Textile mills and textile product mills",555,"(D)","(D)","(D)","(D)","(D)","(D)","(D)","(D)","(D)","(D)","(D)","(D)",253,"(NA)"
"43900","Spartanburg, SC (Metropolitan Statistical Area)"," ","200","Gross domestic product (GDP) by metropolitan area","28","315-316","    Apparel and leather and allied products manufacturing","(D)",3,4,5,4,3,3,4,5,6,9,13,16,14,"(NA)"
"43900","Spartanburg, SC (Metropolitan Statistical Area)"," ","200","Gross domestic product (GDP) by metropolitan area","29","322","    Paper products manufacturing",178,151,162,"(D)","(D)","(D)","(D)","(D)","(D)","(D)","(D)","(D)","(D)","(D)","(NA)"
"43900","Spartanburg, SC (Metropolitan Statistical Area)"," ","200","Gross domestic product (GDP) by metropolitan area","30","323","    Printing and related support activities",62,64,68,58,61,"(D)","(D)","(D)","(D)","(D)","(D)","(D)","(D)","(D)","(NA)"
"43900","Spartanburg, SC (Metropolitan Statistical Area)"," ","200","Gross domestic product (GDP) by metropolitan area","31","324","    Petroleum and coal products manufacturing","(D)","(D)","(D)","(D)","(D)","(D)","(D)","(D)","(D)","(D)","(D)","(D)","(D)","(D)","(NA)"
"43900","Spartanburg, SC (Metropolitan Statistical Area)"," ","200","Gross domestic product (GDP) by metropolitan area","32","325","    Chemical products manufacturing","(D)","(D)",173,175,141,177,"(D)",249,310,"(D)","(D)","(D)","(D)","(D)","(NA)"
"43900","Spartanburg, SC (Metropolitan Statistical Area)"," ","200","Gross domestic product (GDP) by metropolitan area","33","326","    Plastics and rubber products manufacturing","(D)","(D)","(D)",485,511,"(D)","(D)","(D)","(D)","(D)","(D)","(D)","(D)","(D)","(NA)"
"43900","Spartanburg, SC (Metropolitan Statistical Area)"," ","200","Gross domestic product (GDP) by metropolitan area","34","42","  Wholesale trade",754,774,717,833,847,941,991,1050,937,980,989,1058,1127,1208,1265
"43900","Spartanburg, SC (Metropolitan Statistical Area)"," ","200","Gross domestic product (GDP) by metropolitan area","35","44-45","  Retail trade",701,706,721,695,727,776,761,729,706,723,728,752,824,888,943
"43900","Spartanburg, SC (Metropolitan Statistical Area)"," ","200","Gross domestic product (GDP) by metropolitan area","36","48-49","  Transportation and warehousing",218,225,210,231,276,308,310,339,295,325,338,341,469,501,561
"43900","Spartanburg, SC (Metropolitan Statistical Area)"," ","200","Gross domestic product (GDP) by metropolitan area","37","481","   Air transportation",6,7,9,9,"(D)",7,8,10,10,10,11,11,"(D)","(D)","(NA)"
"43900","Spartanburg, SC (Metropolitan Statistical Area)"," ","200","Gross domestic product (GDP) by metropolitan area","38","482","   Rail transportation",11,10,11,11,12,"(D)","(D)","(D)",12,12,13,15,15,16,"(NA)"
"43900","Spartanburg, SC (Metropolitan Statistical Area)"," ","200","Gross domestic product (GDP) by metropolitan area","39","483","   Water transportation","(L)","(L)","(L)","(L)","(L)","(L)","(D)","(D)","(D)","(D)","(D)","(L)","(L)","(L)","(NA)"
"43900","Spartanburg, SC (Metropolitan Statistical Area)"," ","200","Gross domestic product (GDP) by metropolitan area","40","484","   Truck transportation",110,"(D)",100,109,115,149,154,169,125,132,"(D)",140,250,273,"(NA)"
"43900","Spartanburg, SC (Metropolitan Statistical Area)"," ","200","Gross domestic product (GDP) by metropolitan area","41","485","   Transit and ground passenger transportation",4,4,5,"(D)",5,6,6,7,7,"(D)",7,7,7,8,"(NA)"
"43900","Spartanburg, SC (Metropolitan Statistical Area)"," ","200","Gross domestic product (GDP) by metropolitan area","42","486","   Pipeline transportation","(D)","(D)","(D)","(D)","(D)","(D)","(D)","(D)","(D)","(D)","(D)","(D)","(D)","(D)","(NA)"
"43900","Spartanburg, SC (Metropolitan Statistical Area)"," ","200","Gross domestic product (GDP) by metropolitan area","43","487-488, 492","   Other transportation and support activities","(D)","(D)","(D)","(D)","(D)","(D)","(D)","(D)","(D)","(D)","(D)","(D)",74,75,"(NA)"
"43900","Spartanburg, SC (Metropolitan Statistical Area)"," ","200","Gross domestic product (GDP) by metropolitan area","44","493","   Warehousing and storage","(D)",27,"(D)","(D)","(D)","(D)","(D)","(D)","(D)","(D)","(D)","(D)","(D)","(D)","(NA)"
"43900","Spartanburg, SC (Metropolitan Statistical Area)"," ","200","Gross domestic product (GDP) by metropolitan area","45","51","  Information",104,108,109,"(D)","(D)",127,134,148,143,137,126,122,165,168,"(D)"
"43900","Spartanburg, SC (Metropolitan Statistical Area)"," ","200","Gross domestic product (GDP) by metropolitan area","46","511","   Publishing industries, except Internet (includes software)","(D)","(D)","(D)","(D)","(D)","(D)","(D)","(D)","(D)","(D)","(D)","(D)","(D)","(D)","(NA)"
"43900","Spartanburg, SC (Metropolitan Statistical Area)"," ","200","Gross domestic product (GDP) by metropolitan area","47","512","   Motion picture and sound recording industries","(D)",6,6,7,6,"(D)","(D)","(D)","(D)","(D)","(D)","(D)",6,"(D)","(NA)"
"43900","Spartanburg, SC (Metropolitan Statistical Area)"," ","200","Gross domestic product (GDP) by metropolitan area","48","515, 517","   Broadcasting and telecommunications","(D)","(D)","(D)","(D)","(D)","(D)","(D)","(D)","(D)","(D)","(D)","(D)",129,124,"(NA)"
"43900","Spartanburg, SC (Metropolitan Statistical Area)"," ","200","Gross domestic product (GDP) by metropolitan area","49","518, 519","   Data processing, internet publishing, and other information services","(D)",3,3,8,6,"(D)","(D)","(D)","(D)","(D)","(D)","(D)","(D)",11,"(NA)"
"43900","Spartanburg, SC (Metropolitan Statistical Area)"," ","200","Gross domestic product (GDP) by metropolitan area","50","52, 53","  Finance, insurance, real estate, rental, and leasing",630,730,827,794,883,913,1171,1256,1283,1285,1293,1203,1185,1201,1220
"43900","Spartanburg, SC (Metropolitan Statistical Area)"," ","200","Gross domestic product (GDP) by metropolitan area","51","52","   Finance and insurance",243,294,357,345,415,413,447,485,512,523,469,447,430,435,429
"43900","Spartanburg, SC (Metropolitan Statistical Area)"," ","200","Gross domestic product (GDP) by metropolitan area","52","521-522","    Federal Reserve banks, credit intermediation, and related services",158,198,188,154,170,177,"(D)","(D)","(D)","(D)",244,304,278,291,"(NA)"
"43900","Spartanburg, SC (Metropolitan Statistical Area)"," ","200","Gross domestic product (GDP) by metropolitan area","53","523","    Securities, commodity contracts, and investments","(D)","(D)","(D)","(D)","(D)","(D)","(D)","(D)","(D)","(D)","(D)","(D)","(D)","(D)","(NA)"
"43900","Spartanburg, SC (Metropolitan Statistical Area)"," ","200","Gross domestic product (GDP) by metropolitan area","54","524","    Insurance carriers and related activities",65,80,134,151,189,178,"(D)","(D)","(D)","(D)","(D)","(D)","(D)","(D)","(NA)"
"43900","Spartanburg, SC (Metropolitan Statistical Area)"," ","200","Gross domestic product (GDP) by metropolitan area","55","525","    Funds, trusts, and other financial vehicles","(D)","(D)","(D)","(D)","(D)","(D)","(D)","(D)","(D)","(D)",30,42,"(D)",27,"(NA)"
"43900","Spartanburg, SC (Metropolitan Statistical Area)"," ","200","Gross domestic product (GDP) by metropolitan area","56","53","   Real estate and rental and leasing",387,436,471,448,468,500,724,771,771,762,824,756,755,765,791
"43900","Spartanburg, SC (Metropolitan Statistical Area)"," ","200","Gross domestic product (GDP) by metropolitan area","57","531","    Real estate",306,344,369,386,400,419,635,692,699,701,"(D)","(D)","(D)","(D)","(NA)"
"43900","Spartanburg, SC (Metropolitan Statistical Area)"," ","200","Gross domestic product (GDP) by metropolitan area","58","532-533","    Rental and leasing services and lessors of intangible assets",81,93,101,63,69,81,89,79,72,62,"(D)","(D)","(D)","(D)","(NA)"
"43900","Spartanburg, SC (Metropolitan Statistical Area)"," ","200","Gross domestic product (GDP) by metropolitan area","59","54, 55, 56","  Professional and business services",566,617,649,910,881,930,993,1032,914,965,1037,1067,1099,1208,1252
"43900","Spartanburg, SC (Metropolitan Statistical Area)"," ","200","Gross domestic product (GDP) by metropolitan area","60","54","   Professional, scientific, and technical services",242,267,261,301,"(D)",350,384,406,342,359,"(D)","(D)","(D)",421,427
"43900","Spartanburg, SC (Metropolitan Statistical Area)"," ","200","Gross domestic product (GDP) by metropolitan area","64","55","   Management of companies and enterprises",109,139,173,386,"(D)","(D)","(D)","(D)","(D)","(D)","(D)","(D)","(D)",286,284
"43900","Spartanburg, SC (Metropolitan Statistical Area)"," ","200","Gross domestic product (GDP) by metropolitan area","65","56","   Administrative and waste management services",215,212,216,223,241,"(D)","(D)","(D)","(D)","(D)",423,431,"(D)",501,540
"43900","Spartanburg, SC (Metropolitan Statistical Area)"," ","200","Gross domestic product (GDP) by metropolitan area","66","561","    Administrative and support services","(D)",183,186,193,210,"(D)","(D)",285,305,"(D)","(D)","(D)","(D)","(D)","(NA)"
"43900","Spartanburg, SC (Metropolitan Statistical Area)"," ","200","Gross domestic product (GDP) by metropolitan area","67","562","    Waste management and remediation services","(D)",28,29,30,30,28,30,"(D)","(D)","(D)","(D)","(D)","(D)","(D)","(NA)"
"43900","Spartanburg, SC (Metropolitan Statistical Area)"," ","200","Gross domestic product (GDP) by metropolitan area","68","61, 62","  Educational services, health care, and social assistance",499,536,574,600,636,688,719,773,757,766,794,808,823,856,895
"43900","Spartanburg, SC (Metropolitan Statistical Area)"," ","200","Gross domestic product (GDP) by metropolitan area","69","61","   Educational services",48,52,"(D)","(D)","(D)","(D)","(D)","(D)","(D)","(D)","(D)","(D)","(D)","(D)","(D)"
"43900","Spartanburg, SC (Metropolitan Statistical Area)"," ","200","Gross domestic product (GDP) by metropolitan area","70","62","   Health care and social assistance",451,484,"(D)","(D)","(D)","(D)","(D)","(D)","(D)","(D)","(D)","(D)","(D)","(D)","(D)"
"43900","Spartanburg, SC (Metropolitan Statistical Area)"," ","200","Gross domestic product (GDP) by metropolitan area","71","621","    Ambulatory health care services",247,277,299,317,335,361,372,407,413,423,439,446,460,471,"(NA)"
"43900","Spartanburg, SC (Metropolitan Statistical Area)"," ","200","Gross domestic product (GDP) by metropolitan area","72","622-623","    Hospitals and nursing and residential care facilities","(D)","(D)","(D)","(D)","(D)","(D)","(D)","(D)","(D)","(D)","(D)","(D)",224,"(D)","(NA)"
"43900","Spartanburg, SC (Metropolitan Statistical Area)"," ","200","Gross domestic product (GDP) by metropolitan area","73","624","    Social assistance","(D)","(D)","(D)","(D)","(D)","(D)","(D)","(D)","(D)","(D)","(D)","(D)","(D)",48,"(NA)"
"43900","Spartanburg, SC (Metropolitan Statistical Area)"," ","200","Gross domestic product (GDP) by metropolitan area","74","71, 72","  Arts, entertainment, recreation, accommodation, and food services",247,261,274,281,302,308,344,394,387,388,380,404,438,454,520
"43900","Spartanburg, SC (Metropolitan Statistical Area)"," ","200","Gross domestic product (GDP) by metropolitan area","75","71","   Arts, entertainment, and recreation",25,27,24,31,43,49,61,"(D)",55,40,34,37,42,44,"(D)"
"43900","Spartanburg, SC (Metropolitan Statistical Area)"," ","200","Gross domestic product (GDP) by metropolitan area","76","711-712","    Performing arts, spectator sports, museums, and related activities","(D)","(D)","(D)","(D)","(D)","(D)","(D)","(D)","(D)","(D)","(D)","(D)","(D)","(D)","(NA)"
"43900","Spartanburg, SC (Metropolitan Statistical Area)"," ","200","Gross domestic product (GDP) by metropolitan area","77","713","    Amusements, gambling, and recreation industries","(D)","(D)","(D)","(D)","(D)","(D)","(D)","(D)","(D)","(D)","(D)","(D)","(D)","(D)","(NA)"
"43900","Spartanburg, SC (Metropolitan Statistical Area)"," ","200","Gross domestic product (GDP) by metropolitan area","78","72","   Accommodation and food services",221,233,250,250,259,258,283,"(D)",332,348,345,367,396,410,"(D)"
"43900","Spartanburg, SC (Metropolitan Statistical Area)"," ","200","Gross domestic product (GDP) by metropolitan area","79","721","    Accommodation",49,32,33,45,43,42,44,"(D)",34,35,39,45,58,62,"(NA)"
"43900","Spartanburg, SC (Metropolitan Statistical Area)"," ","200","Gross domestic product (GDP) by metropolitan area","80","722","    Food services and drinking places",173,201,217,205,216,217,239,291,298,313,307,322,338,348,"(NA)"
"43900","Spartanburg, SC (Metropolitan Statistical Area)"," ","200","Gross domestic product (GDP) by metropolitan area","81","81","  Other services, except government",211,217,218,229,239,246,248,244,242,242,251,259,273,285,"(D)"
"43900","Spartanburg, SC (Metropolitan Statistical Area)"," ","200","Gross domestic product (GDP) by metropolitan area","82","92"," Government",1044,1093,1136,1199,1272,1325,1411,1490,1538,1550,1628,1632,1644,1683,1744
"43900","Spartanburg, SC (Metropolitan Statistical Area)"," ","200","Gross domestic product (GDP) by metropolitan area","83","...","  Federal civilian",42,43,44,47,48,50,52,53,53,57,54,54,55,60,"(NA)"
"43900","Spartanburg, SC (Metropolitan Statistical Area)"," ","200","Gross domestic product (GDP) by metropolitan area","84","...","  Federal military",24,32,44,45,52,47,49,55,61,60,55,50,48,45,"(NA)"
"43900","Spartanburg, SC (Metropolitan Statistical Area)"," ","200","Gross domestic product (GDP) by metropolitan area","85","...","  State and local",978,1019,1048,1107,1173,1228,1310,1383,1424,1433,1519,1528,1542,1579,"(NA)"
"43900","Spartanburg, SC (Metropolitan Statistical Area)"," ","200","Gross domestic product (GDP) by metropolitan area","86","11, 21","Natural resources and mining",44,50,59,"(D)","(D)",71,76,77,84,93,74,64,72,81,68
"43900","Spartanburg, SC (Metropolitan Statistical Area)"," ","200","Gross domestic product (GDP) by metropolitan area","87","42, 44-45","Trade",1455,1480,1438,1527,1574,1717,1752,1779,1643,1703,1718,1811,1951,2096,2208
"43900","Spartanburg, SC (Metropolitan Statistical Area)"," ","200","Gross domestic product (GDP) by metropolitan area","88","...","Transportation and utilities",274,284,267,291,344,387,382,412,371,411,418,408,539,576,635
"43900","Spartanburg, SC (Metropolitan Statistical Area)"," ","200","Gross domestic product (GDP) by metropolitan area","89","...","Private goods-producing industries",3751,3879,4082,3734,3789,4020,3947,3715,3363,3963,4351,4550,4666,4997,5226
"43900","Spartanburg, SC (Metropolitan Statistical Area)"," ","200","Gross domestic product (GDP) by metropolitan area","90","...","Private services-providing industries",3986,4232,4357,4751,4987,5316,5744,6038,5740,5897,6017,6081,6475,6845,7206
"43900","Spartanburg, SC (Metropolitan Statistical Area)"," ","800","Quantity indexes for real GDP by metropolitan area","1","...","All industry total",96.709,100.328,103.975,103.488,104.995,108.841,110.690,110.450,100.000,107.146,111.619,110.962,113.541,117.451,118.442
"43900","Spartanburg, SC (Metropolitan Statistical Area)"," ","800","Quantity indexes for real GDP by metropolitan area","2","..."," Private industries",97.617,101.586,105.776,105.148,106.599,111.094,112.948,112.306,100.000,108.689,113.408,112.906,116.216,120.829,121.819
"43900","Spartanburg, SC (Metropolitan Statistical Area)"," ","800","Quantity indexes for real GDP by metropolitan area","3","11","  Agriculture, forestry, fishing, and hunting","(D)","(D)","(D)","(D)","(D)","(D)","(D)","(D)","(D)","(D)","(D)","(D)","(D)","(D)","(D)"
"43900","Spartanburg, SC (Metropolitan Statistical Area)"," ","800","Quantity indexes for real GDP by metropolitan area","4","111-112","   Farms",20.960,30.624,43.146,4.740,39.106,58.273,66.787,65.321,100.000,112.845,54.639,40.718,49.397,62.988,"(NA)"
"43900","Spartanburg, SC (Metropolitan Statistical Area)"," ","800","Quantity indexes for real GDP by metropolitan area","5","113-115","   Forestry, fishing, and related activities","(D)","(D)","(D)","(D)","(D)","(D)","(D)","(D)","(D)","(D)","(D)","(D)","(D)","(D)","(NA)"
"43900","Spartanburg, SC (Metropolitan Statistical Area)"," ","800","Quantity indexes for real GDP by metropolitan area","6","21","  Mining","(D)","(D)","(D)","(D)","(D)","(D)","(D)","(D)","(D)","(D)","(D)","(D)","(D)","(D)","(D)"
"43900","Spartanburg, SC (Metropolitan Statistical Area)"," ","800","Quantity indexes for real GDP by metropolitan area","7","211","   Oil and gas extraction",7.864,9.751,24.863,81.979,68.001,176.300,162.447,100.775,100.000,25.116,6.248,111.813,274.720,210.195,"(NA)"
"43900","Spartanburg, SC (Metropolitan Statistical Area)"," ","800","Quantity indexes for real GDP by metropolitan area","8","212","   Mining, except oil and gas","(D)","(D)","(D)","(D)","(D)","(D)","(D)","(D)","(D)","(D)","(D)","(D)","(D)","(D)","(NA)"
"43900","Spartanburg, SC (Metropolitan Statistical Area)"," ","800","Quantity indexes for real GDP by metropolitan area","9","213","   Support activities for mining",0.000,0.000,0.000,"(D)","(D)","(D)",0.000,0.000,0.000,0.000,0.000,"(D)","(D)","(D)","(NA)"
"43900","Spartanburg, SC (Metropolitan Statistical Area)"," ","800","Quantity indexes for real GDP by metropolitan area","10","22","  Utilities",103.512,113.792,101.644,104.064,111.627,120.610,108.467,109.708,100.000,116.865,108.676,92.676,94.705,93.446,85.982
"43900","Spartanburg, SC (Metropolitan Statistical Area)"," ","800","Quantity indexes for real GDP by metropolitan area","11","23","  Construction",141.034,128.321,127.163,125.428,126.371,129.699,132.290,122.401,100.000,93.285,85.708,109.419,109.917,103.773,106.593
"43900","Spartanburg, SC (Metropolitan Statistical Area)"," ","800","Quantity indexes for real GDP by metropolitan area","12","31-33","  Manufacturing",120.012,125.989,135.659,125.199,125.279,132.358,128.220,120.864,100.000,126.469,143.217,140.793,141.299,148.424,145.108
"43900","Spartanburg, SC (Metropolitan Statistical Area)"," ","800","Quantity indexes for real GDP by metropolitan area","13","...","   Durable goods manufacturing",113.680,134.415,150.517,134.285,141.015,153.832,138.450,135.879,100.000,145.945,174.045,179.887,178.392,191.523,185.804
"43900","Spartanburg, SC (Metropolitan Statistical Area)"," ","800","Quantity indexes for real GDP by metropolitan area","14","321","    Wood products manufacturing","(D)","(D)","(D)","(D)","(D)","(D)","(D)","(D)","(D)","(D)","(D)","(D)","(D)","(D)","(NA)"
"43900","Spartanburg, SC (Metropolitan Statistical Area)"," ","800","Quantity indexes for real GDP by metropolitan area","15","327","    Nonmetallic mineral products manufacturing","(D)","(D)","(D)","(D)","(D)","(D)","(D)","(D)","(D)","(D)","(D)","(D)","(D)","(D)","(NA)"
"43900","Spartanburg, SC (Metropolitan Statistical Area)"," ","800","Quantity indexes for real GDP by metropolitan area","16","331","    Primary metals manufacturing",226.352,222.918,256.545,162.183,257.651,167.908,114.544,117.989,100.000,117.019,89.451,"(D)","(D)","(D)","(NA)"
"43900","Spartanburg, SC (Metropolitan Statistical Area)"," ","800","Quantity indexes for real GDP by metropolitan area","17","332","    Fabricated metal products","(D)","(D)","(D)","(D)","(D)","(D)","(D)","(D)","(D)","(D)","(D)","(D)","(D)","(D)","(NA)"
"43900","Spartanburg, SC (Metropolitan Statistical Area)"," ","800","Quantity indexes for real GDP by metropolitan area","18","333","    Machinery manufacturing","(D)","(D)","(D)","(D)","(D)",99.648,123.752,102.426,100.000,84.203,92.473,93.037,86.113,82.024,"(NA)"
"43900","Spartanburg, SC (Metropolitan Statistical Area)"," ","800","Quantity indexes for real GDP by metropolitan area","19","334","    Computer and electronic products manufacturing","(D)","(D)","(D)","(D)","(D)",77.545,82.455,114.170,100.000,126.456,202.573,366.917,428.904,532.232,"(NA)"
"43900","Spartanburg, SC (Metropolitan Statistical Area)"," ","800","Quantity indexes for real GDP by metropolitan area","20","335","    Electrical equipment, appliance, and components manufacturing",73.122,54.484,58.979,57.780,73.647,103.596,90.965,100.160,100.000,106.213,107.821,107.892,65.677,69.468,"(NA)"
"43900","Spartanburg, SC (Metropolitan Statistical Area)"," ","800","Quantity indexes for real GDP by metropolitan area","21","3361-3363","    Motor vehicles, bodies and trailers, and parts manufacturing","(D)","(D)","(D)","(D)","(D)","(D)","(D)","(D)","(D)","(D)","(D)","(D)","(D)","(D)","(NA)"
"43900","Spartanburg, SC (Metropolitan Statistical Area)"," ","800","Quantity indexes for real GDP by metropolitan area","22","3364-3366, 3369","    Other transportation equipment manufacturing","(D)","(D)","(D)","(D)","(D)","(D)","(D)","(D)","(D)","(D)","(D)","(D)","(D)","(D)","(NA)"
"43900","Spartanburg, SC (Metropolitan Statistical Area)"," ","800","Quantity indexes for real GDP by metropolitan area","23","337","    Furniture and related products manufacturing",41.221,45.836,36.041,40.513,93.887,138.577,132.125,85.033,100.000,108.001,145.457,182.148,43.332,40.953,"(NA)"
"43900","Spartanburg, SC (Metropolitan Statistical Area)"," ","800","Quantity indexes for real GDP by metropolitan area","24","339","    Miscellaneous manufacturing","(D)","(D)","(D)","(D)","(D)",98.331,91.856,95.363,100.000,78.249,65.084,59.310,54.284,51.640,"(NA)"
"43900","Spartanburg, SC (Metropolitan Statistical Area)"," ","800","Quantity indexes for real GDP by metropolitan area","25","...","   Nondurable goods manufacturing",132.254,118.045,119.131,116.367,107.488,107.504,116.652,103.779,100.000,104.512,109.099,98.349,100.888,101.714,100.964
"43900","Spartanburg, SC (Metropolitan Statistical Area)"," ","800","Quantity indexes for real GDP by metropolitan area","26","311-312","    Food and beverage and tobacco products manufacturing","(D)","(D)","(D)","(D)","(D)","(D)","(D)","(D)","(D)","(D)","(D)","(D)","(D)","(D)","(NA)"
"43900","Spartanburg, SC (Metropolitan Statistical Area)"," ","800","Quantity indexes for real GDP by metropolitan area","27","313-314","    Textile mills and textile product mills","(D)","(D)","(D)","(D)","(D)","(D)","(D)","(D)","(D)","(D)","(D)","(D)","(D)","(D)","(NA)"
"43900","Spartanburg, SC (Metropolitan Statistical Area)"," ","800","Quantity indexes for real GDP by metropolitan area","28","315-316","    Apparel and leather and allied products manufacturing","(D)",60.195,72.446,87.258,71.321,62.132,57.873,75.546,100.000,133.479,176.277,261.349,323.122,283.350,"(NA)"
"43900","Spartanburg, SC (Metropolitan Statistical Area)"," ","800","Quantity indexes for real GDP by metropolitan area","29","322","    Paper products manufacturing","(D)","(D)","(D)","(D)","(D)","(D)","(D)","(D)","(D)","(D)","(D)","(D)","(D)","(D)","(NA)"
"43900","Spartanburg, SC (Metropolitan Statistical Area)"," ","800","Quantity indexes for real GDP by metropolitan area","30","323","    Printing and related support activities","(D)","(D)","(D)","(D)","(D)","(D)","(D)","(D)","(D)","(D)","(D)","(D)","(D)","(D)","(NA)"
"43900","Spartanburg, SC (Metropolitan Statistical Area)"," ","800","Quantity indexes for real GDP by metropolitan area","31","324","    Petroleum and coal products manufacturing","(D)","(D)","(D)","(D)","(D)","(D)","(D)","(D)","(D)","(D)","(D)","(D)","(D)","(D)","(NA)"
"43900","Spartanburg, SC (Metropolitan Statistical Area)"," ","800","Quantity indexes for real GDP by metropolitan area","32","325","    Chemical products manufacturing","(D)","(D)",73.378,73.625,56.842,69.291,"(D)",87.449,100.000,"(D)","(D)","(D)","(D)","(D)","(NA)"
"43900","Spartanburg, SC (Metropolitan Statistical Area)"," ","800","Quantity indexes for real GDP by metropolitan area","33","326","    Plastics and rubber products manufacturing","(D)","(D)","(D)","(D)","(D)","(D)","(D)","(D)","(D)","(D)","(D)","(D)","(D)","(D)","(NA)"
"43900","Spartanburg, SC (Metropolitan Statistical Area)"," ","800","Quantity indexes for real GDP by metropolitan area","34","42","  Wholesale trade",98.228,101.332,94.821,106.861,105.877,113.704,117.229,120.442,100.000,102.196,100.787,104.565,110.369,117.306,122.147
"43900","Spartanburg, SC (Metropolitan Statistical Area)"," ","800","Quantity indexes for real GDP by metropolitan area","35","44-45","  Retail trade",111.912,113.112,116.207,109.747,112.219,116.299,111.083,104.491,100.000,101.635,100.354,100.942,109.470,116.502,121.815
"43900","Spartanburg, SC (Metropolitan Statistical Area)"," ","800","Quantity indexes for real GDP by metropolitan area","36","48-49","  Transportation and warehousing",87.144,88.573,82.267,89.305,104.070,113.849,111.160,118.164,100.000,111.375,115.075,113.883,153.696,159.156,166.509
"43900","Spartanburg, SC (Metropolitan Statistical Area)"," ","800","Quantity indexes for real GDP by metropolitan area","37","481","   Air transportation",58.316,63.810,85.700,92.190,"(D)",77.519,81.379,98.968,100.000,94.390,96.069,94.683,"(D)","(D)","(NA)"
"43900","Spartanburg, SC (Metropolitan Statistical Area)"," ","800","Quantity indexes for real GDP by metropolitan area","38","482","   Rail transportation",136.972,115.439,127.754,126.944,130.960,"(D)","(D)","(D)",100.000,98.424,99.865,105.521,101.775,104.254,"(NA)"
"43900","Spartanburg, SC (Metropolitan Statistical Area)"," ","800","Quantity indexes for real GDP by metropolitan area","39","483","   Water transportation","(D)","(D)","(D)","(D)","(D)","(D)","(D)","(D)","(D)","(D)","(D)","(D)","(D)","(D)","(NA)"
"43900","Spartanburg, SC (Metropolitan Statistical Area)"," ","800","Quantity indexes for real GDP by metropolitan area","40","484","   Truck transportation",102.077,"(D)",89.903,96.768,99.307,126.901,129.793,138.750,100.000,111.230,"(D)",115.079,199.191,208.267,"(NA)"
"43900","Spartanburg, SC (Metropolitan Statistical Area)"," ","800","Quantity indexes for real GDP by metropolitan area","41","485","   Transit and ground passenger transportation",84.213,85.745,94.261,"(D)",96.820,97.445,101.269,116.643,100.000,"(D)",96.700,92.785,88.289,94.962,"(NA)"
"43900","Spartanburg, SC (Metropolitan Statistical Area)"," ","800","Quantity indexes for real GDP by metropolitan area","42","486","   Pipeline transportation","(D)","(D)","(D)","(D)","(D)","(D)","(D)","(D)","(D)","(D)","(D)","(D)","(D)","(D)","(NA)"
"43900","Spartanburg, SC (Metropolitan Statistical Area)"," ","800","Quantity indexes for real GDP by metropolitan area","43","487-488, 492","   Other transportation and support activities","(D)","(D)","(D)","(D)","(D)","(D)","(D)","(D)","(D)","(D)","(D)","(D)","(D)","(D)","(NA)"
"43900","Spartanburg, SC (Metropolitan Statistical Area)"," ","800","Quantity indexes for real GDP by metropolitan area","44","493","   Warehousing and storage","(D)","(D)","(D)","(D)","(D)","(D)","(D)","(D)","(D)","(D)","(D)","(D)","(D)","(D)","(NA)"
"43900","Spartanburg, SC (Metropolitan Statistical Area)"," ","800","Quantity indexes for real GDP by metropolitan area","45","51","  Information",67.285,70.189,70.659,"(D)","(D)",86.927,92.932,103.655,100.000,96.235,89.309,86.491,115.696,118.169,"(D)"
"43900","Spartanburg, SC (Metropolitan Statistical Area)"," ","800","Quantity indexes for real GDP by metropolitan area","46","511","   Publishing industries, except Internet (includes software)","(D)","(D)","(D)","(D)","(D)","(D)","(D)","(D)","(D)","(D)","(D)","(D)","(D)","(D)","(NA)"
"43900","Spartanburg, SC (Metropolitan Statistical Area)"," ","800","Quantity indexes for real GDP by metropolitan area","47","512","   Motion picture and sound recording industries","(D)","(D)","(D)","(D)","(D)","(D)","(D)","(D)","(D)","(D)","(D)","(D)","(D)","(D)","(NA)"
"43900","Spartanburg, SC (Metropolitan Statistical Area)"," ","800","Quantity indexes for real GDP by metropolitan area","48","515, 517","   Broadcasting and telecommunications","(D)","(D)","(D)","(D)","(D)","(D)","(D)","(D)","(D)","(D)","(D)","(D)","(D)","(D)","(NA)"
"43900","Spartanburg, SC (Metropolitan Statistical Area)"," ","800","Quantity indexes for real GDP by metropolitan area","49","518, 519","   Data processing, internet publishing, and other information services","(D)","(D)","(D)","(D)","(D)","(D)","(D)","(D)","(D)","(D)","(D)","(D)","(D)","(D)","(NA)"
"43900","Spartanburg, SC (Metropolitan Statistical Area)"," ","800","Quantity indexes for real GDP by metropolitan area","50","52, 53","  Finance, insurance, real estate, rental, and leasing",55.016,62.011,68.437,64.211,70.010,70.966,90.138,95.716,100.000,98.980,98.519,88.843,85.169,84.136,83.076
"43900","Spartanburg, SC (Metropolitan Statistical Area)"," ","800","Quantity indexes for real GDP by metropolitan area","51","52","   Finance and insurance",48.189,57.066,67.213,63.542,74.901,73.675,80.224,87.109,100.000,98.205,86.861,78.672,72.975,71.820,68.716
"43900","Spartanburg, SC (Metropolitan Statistical Area)"," ","800","Quantity indexes for real GDP by metropolitan area","52","521-522","    Federal Reserve banks, credit intermediation, and related services","(D)","(D)","(D)","(D)","(D)","(D)","(D)","(D)","(D)","(D)","(D)","(D)","(D)","(D)","(NA)"
"43900","Spartanburg, SC (Metropolitan Statistical Area)"," ","800","Quantity indexes for real GDP by metropolitan area","53","523","    Securities, commodity contracts, and investments","(D)","(D)","(D)","(D)","(D)","(D)","(D)","(D)","(D)","(D)","(D)","(D)","(D)","(D)","(NA)"
"43900","Spartanburg, SC (Metropolitan Statistical Area)"," ","800","Quantity indexes for real GDP by metropolitan area","54","524","    Insurance carriers and related activities","(D)","(D)","(D)","(D)","(D)","(D)","(D)","(D)","(D)","(D)","(D)","(D)","(D)","(D)","(NA)"
"43900","Spartanburg, SC (Metropolitan Statistical Area)"," ","800","Quantity indexes for real GDP by metropolitan area","55","525","    Funds, trusts, and other financial vehicles","(D)","(D)","(D)","(D)","(D)","(D)","(D)","(D)","(D)","(D)","(D)","(D)","(D)","(D)","(NA)"
"43900","Spartanburg, SC (Metropolitan Statistical Area)"," ","800","Quantity indexes for real GDP by metropolitan area","56","53","   Real estate and rental and leasing",60.096,65.596,69.106,64.464,65.901,68.539,97.164,101.753,100.000,99.505,106.632,95.916,93.725,92.785,93.234
"43900","Spartanburg, SC (Metropolitan Statistical Area)"," ","800","Quantity indexes for real GDP by metropolitan area","57","531","    Real estate",52.299,56.498,59.437,60.838,61.763,63.020,93.520,100.447,100.000,100.869,"(D)","(D)","(D)","(D)","(NA)"
"43900","Spartanburg, SC (Metropolitan Statistical Area)"," ","800","Quantity indexes for real GDP by metropolitan area","58","532-533","    Rental and leasing services and lessors of intangible assets",139.354,158.099,167.429,100.942,107.595,124.263,133.539,114.640,100.000,86.220,"(D)","(D)","(D)","(D)","(NA)"
"43900","Spartanburg, SC (Metropolitan Statistical Area)"," ","800","Quantity indexes for real GDP by metropolitan area","59","54, 55, 56","  Professional and business services",81.547,87.443,90.494,118.192,110.349,111.187,111.820,114.787,100.000,104.945,111.951,113.702,115.435,125.505,127.326
"43900","Spartanburg, SC (Metropolitan Statistical Area)"," ","800","Quantity indexes for real GDP by metropolitan area","60","54","   Professional, scientific, and technical services",88.163,95.647,91.102,101.617,"(D)",109.537,115.228,120.305,100.000,103.427,"(D)","(D)","(D)",113.269,112.801
"43900","Spartanburg, SC (Metropolitan Statistical Area)"," ","800","Quantity indexes for real GDP by metropolitan area","64","55","   Management of companies and enterprises","(D)","(D)","(D)","(D)","(D)","(D)","(D)","(D)","(D)","(D)","(D)","(D)","(D)","(D)","(D)"
"43900","Spartanburg, SC (Metropolitan Statistical Area)"," ","800","Quantity indexes for real GDP by metropolitan area","65","56","   Administrative and waste management services","(D)","(D)","(D)","(D)","(D)","(D)","(D)","(D)","(D)","(D)","(D)","(D)","(D)","(D)","(D)"
"43900","Spartanburg, SC (Metropolitan Statistical Area)"," ","800","Quantity indexes for real GDP by metropolitan area","66","561","    Administrative and support services","(D)",66.824,68.589,68.784,74.459,"(D)","(D)",94.213,100.000,"(D)","(D)","(D)","(D)","(D)","(NA)"
"43900","Spartanburg, SC (Metropolitan Statistical Area)"," ","800","Quantity indexes for real GDP by metropolitan area","67","562","    Waste management and remediation services","(D)","(D)","(D)","(D)","(D)","(D)","(D)","(D)","(D)","(D)","(D)","(D)","(D)","(D)","(NA)"
"43900","Spartanburg, SC (Metropolitan Statistical Area)"," ","800","Quantity indexes for real GDP by metropolitan area","68","61, 62","  Educational services, health care, and social assistance",84.056,87.326,90.670,92.091,94.735,100.123,100.448,105.814,100.000,98.846,101.060,100.953,101.845,104.696,107.674
"43900","Spartanburg, SC (Metropolitan Statistical Area)"," ","800","Quantity indexes for real GDP by metropolitan area","69","61","   Educational services","(D)","(D)","(D)","(D)","(D)","(D)","(D)","(D)","(D)","(D)","(D)","(D)","(D)","(D)","(D)"
"43900","Spartanburg, SC (Metropolitan Statistical Area)"," ","800","Quantity indexes for real GDP by metropolitan area","70","62","   Health care and social assistance","(D)","(D)","(D)","(D)","(D)","(D)","(D)","(D)","(D)","(D)","(D)","(D)","(D)","(D)","(D)"
"43900","Spartanburg, SC (Metropolitan Statistical Area)"," ","800","Quantity indexes for real GDP by metropolitan area","71","621","    Ambulatory health care services",72.030,79.713,83.965,87.172,89.954,95.789,94.479,102.112,100.000,100.072,102.737,102.858,105.711,107.650,"(NA)"
"43900","Spartanburg, SC (Metropolitan Statistical Area)"," ","800","Quantity indexes for real GDP by metropolitan area","72","622-623","    Hospitals and nursing and residential care facilities","(D)","(D)","(D)","(D)","(D)","(D)","(D)","(D)","(D)","(D)","(D)","(D)","(D)","(D)","(NA)"
"43900","Spartanburg, SC (Metropolitan Statistical Area)"," ","800","Quantity indexes for real GDP by metropolitan area","73","624","    Social assistance","(D)","(D)","(D)","(D)","(D)","(D)","(D)","(D)","(D)","(D)","(D)","(D)","(D)","(D)","(NA)"
"43900","Spartanburg, SC (Metropolitan Statistical Area)"," ","800","Quantity indexes for real GDP by metropolitan area","74","71, 72","  Arts, entertainment, recreation, accommodation, and food services",83.869,85.209,88.475,88.773,92.223,90.669,97.625,108.171,100.000,100.097,98.466,100.554,106.095,107.481,116.976
"43900","Spartanburg, SC (Metropolitan Statistical Area)"," ","800","Quantity indexes for real GDP by metropolitan area","75","71","   Arts, entertainment, and recreation",55.016,58.873,50.105,62.888,86.132,95.778,115.044,"(D)",100.000,72.706,62.291,64.561,73.263,75.477,"(D)"
"43900","Spartanburg, SC (Metropolitan Statistical Area)"," ","800","Quantity indexes for real GDP by metropolitan area","76","711-712","    Performing arts, spectator sports, museums, and related activities","(D)","(D)","(D)","(D)","(D)","(D)","(D)","(D)","(D)","(D)","(D)","(D)","(D)","(D)","(NA)"
"43900","Spartanburg, SC (Metropolitan Statistical Area)"," ","800","Quantity indexes for real GDP by metropolitan area","77","713","    Amusements, gambling, and recreation industries","(D)","(D)","(D)","(D)","(D)","(D)","(D)","(D)","(D)","(D)","(D)","(D)","(D)","(D)","(NA)"
"43900","Spartanburg, SC (Metropolitan Statistical Area)"," ","800","Quantity indexes for real GDP by metropolitan area","78","72","   Accommodation and food services",89.143,90.025,95.479,93.496,93.361,89.799,94.561,"(D)",100.000,104.649,104.474,106.532,111.561,112.815,"(D)"
"43900","Spartanburg, SC (Metropolitan Statistical Area)"," ","800","Quantity indexes for real GDP by metropolitan area","79","721","    Accommodation",174.660,112.776,116.258,157.296,140.872,130.548,132.119,"(D)",100.000,103.988,114.461,128.474,162.789,166.969,"(NA)"
"43900","Spartanburg, SC (Metropolitan Statistical Area)"," ","800","Quantity indexes for real GDP by metropolitan area","80","722","    Food services and drinking places",78.443,87.158,92.846,85.667,87.525,84.801,89.993,105.683,100.000,104.723,103.348,104.050,105.783,106.706,"(NA)"
"43900","Spartanburg, SC (Metropolitan Statistical Area)"," ","800","Quantity indexes for real GDP by metropolitan area","81","81","  Other services, except government",119.295,117.078,114.712,116.417,116.826,115.817,112.135,106.048,100.000,97.606,98.998,99.394,101.937,103.691,"(D)"
"43900","Spartanburg, SC (Metropolitan Statistical Area)"," ","800","Quantity indexes for real GDP by metropolitan area","82","92"," Government",92.109,93.375,93.440,93.858,95.721,95.611,97.434,99.550,100.000,98.139,101.194,99.654,98.036,97.922,98.919
"43900","Spartanburg, SC (Metropolitan Statistical Area)"," ","800","Quantity indexes for real GDP by metropolitan area","83","...","  Federal civilian",106.447,102.840,101.184,102.069,100.665,100.798,102.048,100.823,100.000,103.209,95.545,95.949,95.539,100.875,"(NA)"
"43900","Spartanburg, SC (Metropolitan Statistical Area)"," ","800","Quantity indexes for real GDP by metropolitan area","84","...","  Federal military",56.504,69.652,89.458,88.384,94.335,82.074,77.993,88.669,100.000,96.295,86.291,77.502,74.171,68.363,"(NA)"
"43900","Spartanburg, SC (Metropolitan Statistical Area)"," ","800","Quantity indexes for real GDP by metropolitan area","85","...","  State and local",93.063,94.025,93.311,93.775,95.586,96.011,98.182,99.977,100.000,98.028,102.045,100.741,99.149,99.068,"(NA)"
"43900","Spartanburg, SC (Metropolitan Statistical Area)"," ","800","Quantity indexes for real GDP by metropolitan area","86","11, 21","Natural resources and mining",86.493,97.112,108.385,"(D)","(D)",96.411,86.910,83.422,100.000,97.377,64.522,55.007,62.851,73.907,67.826
"43900","Spartanburg, SC (Metropolitan Statistical Area)"," ","800","Quantity indexes for real GDP by metropolitan area","87","42, 44-45","Trade",104.498,106.749,104.561,108.290,108.854,115.015,114.610,113.469,100.000,101.956,100.601,103.025,109.984,116.961,122.006
"43900","Spartanburg, SC (Metropolitan Statistical Area)"," ","800","Quantity indexes for real GDP by metropolitan area","88","...","Transportation and utilities",90.202,93.171,85.833,92.048,105.495,115.122,110.618,116.509,100.000,112.484,113.795,109.689,142.143,146.272,150.628
"43900","Spartanburg, SC (Metropolitan Statistical Area)"," ","800","Quantity indexes for real GDP by metropolitan area","89","...","Private goods-producing industries",121.105,125.261,133.774,123.884,124.361,130.962,127.671,120.045,100.000,121.036,132.762,133.805,134.558,139.889,137.385
"43900","Spartanburg, SC (Metropolitan Statistical Area)"," ","800","Quantity indexes for real GDP by metropolitan area","90","...","Private services-providing industries",84.065,87.981,89.484,94.535,96.573,99.850,104.636,107.894,100.000,101.574,102.348,100.980,105.732,109.935,112.971
"43900","Spartanburg, SC (Metropolitan Statistical Area)"," ","900","Real GDP by metropolitan area","1","...","All industry total",10291,10676,11064,11012,11173,11582,11779,11753,10641,11402,11878,11808,12082,12498,12604
"43900","Spartanburg, SC (Metropolitan Statistical Area)"," ","900","Real GDP by metropolitan area","2","..."," Private industries",8886,9248,9629,9572,9704,10113,10282,10223,9103,9894,10324,10278,10579,10999,11089
"43900","Spartanburg, SC (Metropolitan Statistical Area)"," ","900","Real GDP by metropolitan area","3","11","  Agriculture, forestry, fishing, and hunting","(D)","(D)","(D)","(D)","(D)","(D)","(D)","(D)","(D)","(D)","(D)","(D)","(D)","(D)","(D)"
"43900","Spartanburg, SC (Metropolitan Statistical Area)"," ","900","Real GDP by metropolitan area","4","111-112","   Farms",8,12,17,2,15,22,26,25,38,43,21,16,19,24,"(NA)"
"43900","Spartanburg, SC (Metropolitan Statistical Area)"," ","900","Real GDP by metropolitan area","5","113-115","   Forestry, fishing, and related activities","(D)","(D)","(D)","(D)","(D)","(D)","(D)","(D)","(D)","(D)","(D)","(D)","(D)","(D)","(NA)"
"43900","Spartanburg, SC (Metropolitan Statistical Area)"," ","900","Real GDP by metropolitan area","6","21","  Mining","(D)","(D)","(D)","(D)","(D)","(D)","(D)","(D)","(D)","(D)","(D)","(D)","(D)","(D)","(D)"
"43900","Spartanburg, SC (Metropolitan Statistical Area)"," ","900","Real GDP by metropolitan area","7","211","   Oil and gas extraction","(L)","(L)","(L)","(L)","(L)","(L)","(L)","(L)","(L)","(L)","(L)","(L)","(L)","(L)","(NA)"
"43900","Spartanburg, SC (Metropolitan Statistical Area)"," ","900","Real GDP by metropolitan area","8","212","   Mining, except oil and gas","(D)","(D)","(D)","(D)","(D)","(D)","(D)","(D)","(D)","(D)","(D)","(D)","(D)","(D)","(NA)"
"43900","Spartanburg, SC (Metropolitan Statistical Area)"," ","900","Real GDP by metropolitan area","9","213","   Support activities for mining","(L)","(L)","(L)","(D)","(D)","(D)","(L)","(L)","(L)","(L)","(L)","(D)","(D)","(D)","(NA)"
"43900","Spartanburg, SC (Metropolitan Statistical Area)"," ","900","Real GDP by metropolitan area","10","22","  Utilities",78,86,77,79,84,91,82,83,75,88,82,70,71,71,65
"43900","Spartanburg, SC (Metropolitan Statistical Area)"," ","900","Real GDP by metropolitan area","11","23","  Construction",663,603,598,590,594,610,622,576,470,439,403,514,517,488,501
"43900","Spartanburg, SC (Metropolitan Statistical Area)"," ","900","Real GDP by metropolitan area","12","31-33","  Manufacturing",3371,3538,3810,3516,3519,3717,3601,3395,2809,3552,4022,3954,3968,4169,4075
"43900","Spartanburg, SC (Metropolitan Statistical Area)"," ","900","Real GDP by metropolitan area","13","...","   Durable goods manufacturing",1707,2018,2260,2016,2117,2310,2079,2040,1501,2191,2613,2701,2678,2875,2790
"43900","Spartanburg, SC (Metropolitan Statistical Area)"," ","900","Real GDP by metropolitan area","14","321","    Wood products manufacturing","(D)","(D)","(D)","(D)","(D)","(D)","(D)","(D)","(D)","(D)","(D)","(D)","(D)","(D)","(NA)"
"43900","Spartanburg, SC (Metropolitan Statistical Area)"," ","900","Real GDP by metropolitan area","15","327","    Nonmetallic mineral products manufacturing","(D)","(D)","(D)","(D)","(D)","(D)","(D)","(D)","(D)","(D)","(D)","(D)","(D)","(D)","(NA)"
"43900","Spartanburg, SC (Metropolitan Statistical Area)"," ","900","Real GDP by metropolitan area","16","331","    Primary metals manufacturing",35,34,39,25,40,26,18,18,15,18,14,"(D)","(D)","(D)","(NA)"
"43900","Spartanburg, SC (Metropolitan Statistical Area)"," ","900","Real GDP by metropolitan area","17","332","    Fabricated metal products",292,293,330,365,358,343,354,356,"(D)",318,"(D)","(D)","(D)","(D)","(NA)"
"43900","Spartanburg, SC (Metropolitan Statistical Area)"," ","900","Real GDP by metropolitan area","18","333","    Machinery manufacturing","(D)","(D)","(D)","(D)","(D)",154,192,159,155,130,143,144,133,127,"(NA)"
"43900","Spartanburg, SC (Metropolitan Statistical Area)"," ","900","Real GDP by metropolitan area","19","334","    Computer and electronic products manufacturing","(D)","(D)","(D)","(D)","(D)",12,13,17,15,19,31,56,65,81,"(NA)"
"43900","Spartanburg, SC (Metropolitan Statistical Area)"," ","900","Real GDP by metropolitan area","20","335","    Electrical equipment, appliance, and components manufacturing",212,158,171,167,213,300,263,290,289,307,312,312,190,201,"(NA)"
"43900","Spartanburg, SC (Metropolitan Statistical Area)"," ","900","Real GDP by metropolitan area","21","3361-3363","    Motor vehicles, bodies and trailers, and parts manufacturing","(D)","(D)","(D)","(D)","(D)","(D)","(D)","(D)","(D)","(D)","(D)","(D)","(D)","(D)","(NA)"
"43900","Spartanburg, SC (Metropolitan Statistical Area)"," ","900","Real GDP by metropolitan area","22","3364-3366, 3369","    Other transportation equipment manufacturing","(D)","(D)","(D)","(D)","(D)","(D)","(D)","(D)","(D)","(D)","(D)","(D)",45,44,"(NA)"
"43900","Spartanburg, SC (Metropolitan Statistical Area)"," ","900","Real GDP by metropolitan area","23","337","    Furniture and related products manufacturing",7,8,6,7,17,24,23,15,18,19,26,32,8,7,"(NA)"
"43900","Spartanburg, SC (Metropolitan Statistical Area)"," ","900","Real GDP by metropolitan area","24","339","    Miscellaneous manufacturing","(D)","(D)","(D)","(D)","(D)",76,71,74,77,61,50,46,42,40,"(NA)"
"43900","Spartanburg, SC (Metropolitan Statistical Area)"," ","900","Real GDP by metropolitan area","25","...","   Nondurable goods manufacturing",1729,1543,1557,1521,1405,1405,1525,1357,1307,1366,1426,1286,1319,1330,1320
"43900","Spartanburg, SC (Metropolitan Statistical Area)"," ","900","Real GDP by metropolitan area","26","311-312","    Food and beverage and tobacco products manufacturing","(D)","(D)","(D)","(D)","(D)","(D)","(D)","(D)","(D)","(D)","(D)","(D)",80,91,"(NA)"
"43900","Spartanburg, SC (Metropolitan Statistical Area)"," ","900","Real GDP by metropolitan area","27","313-314","    Textile mills and textile product mills",576,"(D)","(D)","(D)","(D)","(D)","(D)","(D)","(D)","(D)","(D)","(D)","(D)",232,"(NA)"
"43900","Spartanburg, SC (Metropolitan Statistical Area)"," ","900","Real GDP by metropolitan area","28","315-316","    Apparel and leather and allied products manufacturing","(D)",3,4,4,4,3,3,4,5,7,9,13,16,14,"(NA)"
"43900","Spartanburg, SC (Metropolitan Statistical Area)"," ","900","Real GDP by metropolitan area","29","322","    Paper products manufacturing",207,179,199,"(D)","(D)","(D)","(D)","(D)","(D)","(D)","(D)","(D)","(D)","(D)","(NA)"
"43900","Spartanburg, SC (Metropolitan Statistical Area)"," ","900","Real GDP by metropolitan area","30","323","    Printing and related support activities",59,65,69,60,61,"(D)","(D)","(D)","(D)","(D)","(D)","(D)","(D)","(D)","(NA)"
"43900","Spartanburg, SC (Metropolitan Statistical Area)"," ","900","Real GDP by metropolitan area","31","324","    Petroleum and coal products manufacturing","(D)","(D)","(D)","(D)","(D)","(D)","(D)","(D)","(D)","(D)","(D)","(D)","(D)","(D)","(NA)"
"43900","Spartanburg, SC (Metropolitan Statistical Area)"," ","900","Real GDP by metropolitan area","32","325","    Chemical products manufacturing","(D)","(D)",227,228,176,215,"(D)",271,310,"(D)","(D)","(D)","(D)","(D)","(NA)"
"43900","Spartanburg, SC (Metropolitan Statistical Area)"," ","900","Real GDP by metropolitan area","33","326","    Plastics and rubber products manufacturing","(D)","(D)","(D)",592,610,"(D)","(D)","(D)","(D)","(D)","(D)","(D)","(D)","(D)","(NA)"
"43900","Spartanburg, SC (Metropolitan Statistical Area)"," ","900","Real GDP by metropolitan area","34","42","  Wholesale trade",920,949,888,1001,992,1065,1098,1128,937,958,944,980,1034,1099,1144
"43900","Spartanburg, SC (Metropolitan Statistical Area)"," ","900","Real GDP by metropolitan area","35","44-45","  Retail trade",790,799,821,775,792,821,784,738,706,718,709,713,773,823,860
"43900","Spartanburg, SC (Metropolitan Statistical Area)"," ","900","Real GDP by metropolitan area","36","48-49","  Transportation and warehousing",257,262,243,264,307,336,328,349,295,329,340,336,454,470,492
"43900","Spartanburg, SC (Metropolitan Statistical Area)"," ","900","Real GDP by metropolitan area","37","481","   Air transportation",6,7,9,9,"(D)",8,8,10,10,10,10,10,"(D)","(D)","(NA)"
"43900","Spartanburg, SC (Metropolitan Statistical Area)"," ","900","Real GDP by metropolitan area","38","482","   Rail transportation",17,14,16,15,16,"(D)","(D)","(D)",12,12,12,13,12,13,"(NA)"
"43900","Spartanburg, SC (Metropolitan Statistical Area)"," ","900","Real GDP by metropolitan area","39","483","   Water transportation","(L)","(L)","(L)","(L)","(L)","(L)","(D)","(D)","(D)","(D)","(D)","(L)","(L)","(L)","(NA)"
"43900","Spartanburg, SC (Metropolitan Statistical Area)"," ","900","Real GDP by metropolitan area","40","484","   Truck transportation",128,"(D)",113,121,124,159,163,174,125,139,"(D)",144,250,261,"(NA)"
"43900","Spartanburg, SC (Metropolitan Statistical Area)"," ","900","Real GDP by metropolitan area","41","485","   Transit and ground passenger transportation",6,6,6,"(D)",7,7,7,8,7,"(D)",7,6,6,6,"(NA)"
"43900","Spartanburg, SC (Metropolitan Statistical Area)"," ","900","Real GDP by metropolitan area","42","486","   Pipeline transportation","(D)","(D)","(D)","(D)","(D)","(D)","(D)","(D)","(D)","(D)","(D)","(D)","(D)","(D)","(NA)"
"43900","Spartanburg, SC (Metropolitan Statistical Area)"," ","900","Real GDP by metropolitan area","43","487-488, 492","   Other transportation and support activities","(D)","(D)","(D)","(D)","(D)","(D)","(D)","(D)","(D)","(D)","(D)","(D)",61,60,"(NA)"
"43900","Spartanburg, SC (Metropolitan Statistical Area)"," ","900","Real GDP by metropolitan area","44","493","   Warehousing and storage","(D)",30,"(D)","(D)","(D)","(D)","(D)","(D)","(D)","(D)","(D)","(D)","(D)","(D)","(NA)"
"43900","Spartanburg, SC (Metropolitan Statistical Area)"," ","900","Real GDP by metropolitan area","45","51","  Information",96,100,101,"(D)","(D)",124,133,148,143,138,128,124,166,169,"(D)"
"43900","Spartanburg, SC (Metropolitan Statistical Area)"," ","900","Real GDP by metropolitan area","46","511","   Publishing industries, except Internet (includes software)","(D)","(D)","(D)","(D)","(D)","(D)","(D)","(D)","(D)","(D)","(D)","(D)","(D)","(D)","(NA)"
"43900","Spartanburg, SC (Metropolitan Statistical Area)"," ","900","Real GDP by metropolitan area","47","512","   Motion picture and sound recording industries","(D)",6,7,8,7,"(D)","(D)","(D)","(D)","(D)","(D)","(D)",6,"(D)","(NA)"
"43900","Spartanburg, SC (Metropolitan Statistical Area)"," ","900","Real GDP by metropolitan area","48","515, 517","   Broadcasting and telecommunications","(D)","(D)","(D)","(D)","(D)","(D)","(D)","(D)","(D)","(D)","(D)","(D)",130,125,"(NA)"
"43900","Spartanburg, SC (Metropolitan Statistical Area)"," ","900","Real GDP by metropolitan area","49","518, 519","   Data processing, internet publishing, and other information services","(D)",3,3,7,6,"(D)","(D)","(D)","(D)","(D)","(D)","(D)","(D)",12,"(NA)"
"43900","Spartanburg, SC (Metropolitan Statistical Area)"," ","900","Real GDP by metropolitan area","50","52, 53","  Finance, insurance, real estate, rental, and leasing",706,795,878,824,898,910,1156,1228,1283,1270,1264,1140,1092,1079,1066
"43900","Spartanburg, SC (Metropolitan Statistical Area)"," ","900","Real GDP by metropolitan area","51","52","   Finance and insurance",247,292,344,325,383,377,411,446,512,503,445,403,374,368,352
"43900","Spartanburg, SC (Metropolitan Statistical Area)"," ","900","Real GDP by metropolitan area","52","521-522","    Federal Reserve banks, credit intermediation, and related services",150,184,171,137,150,152,"(D)","(D)","(D)","(D)",229,270,234,235,"(NA)"
"43900","Spartanburg, SC (Metropolitan Statistical Area)"," ","900","Real GDP by metropolitan area","53","523","    Securities, commodity contracts, and investments","(D)","(D)","(D)","(D)","(D)","(D)","(D)","(D)","(D)","(D)","(D)","(D)","(D)","(D)","(NA)"
"43900","Spartanburg, SC (Metropolitan Statistical Area)"," ","900","Real GDP by metropolitan area","54","524","    Insurance carriers and related activities",74,89,142,156,190,179,"(D)","(D)","(D)","(D)","(D)","(D)","(D)","(D)","(NA)"
"43900","Spartanburg, SC (Metropolitan Statistical Area)"," ","900","Real GDP by metropolitan area","55","525","    Funds, trusts, and other financial vehicles","(D)","(D)","(D)","(D)","(D)","(D)","(D)","(D)","(D)","(D)",28,36,"(D)",28,"(NA)"
"43900","Spartanburg, SC (Metropolitan Statistical Area)"," ","900","Real GDP by metropolitan area","56","53","   Real estate and rental and leasing",463,506,533,497,508,528,749,784,771,767,822,739,722,715,719
"43900","Spartanburg, SC (Metropolitan Statistical Area)"," ","900","Real GDP by metropolitan area","57","531","    Real estate",366,395,415,425,432,441,654,702,699,705,"(D)","(D)","(D)","(D)","(NA)"
"43900","Spartanburg, SC (Metropolitan Statistical Area)"," ","900","Real GDP by metropolitan area","58","532-533","    Rental and leasing services and lessors of intangible assets",100,113,120,72,77,89,96,82,72,62,"(D)","(D)","(D)","(D)","(NA)"
"43900","Spartanburg, SC (Metropolitan Statistical Area)"," ","900","Real GDP by metropolitan area","59","54, 55, 56","  Professional and business services",746,800,827,1081,1009,1017,1022,1050,914,960,1024,1040,1055,1148,1164
"43900","Spartanburg, SC (Metropolitan Statistical Area)"," ","900","Real GDP by metropolitan area","60","54","   Professional, scientific, and technical services",301,327,311,347,"(D)",374,394,411,342,354,"(D)","(D)","(D)",387,386
"43900","Spartanburg, SC (Metropolitan Statistical Area)"," ","900","Real GDP by metropolitan area","64","55","   Management of companies and enterprises",175,219,266,513,"(D)","(D)","(D)","(D)","(D)","(D)","(D)","(D)","(D)",284,278
"43900","Spartanburg, SC (Metropolitan Statistical Area)"," ","900","Real GDP by metropolitan area","65","56","   Administrative and waste management services",244,236,241,243,260,"(D)","(D)","(D)","(D)","(D)",424,428,"(D)",480,503
"43900","Spartanburg, SC (Metropolitan Statistical Area)"," ","900","Real GDP by metropolitan area","66","561","    Administrative and support services","(D)",204,209,210,227,"(D)","(D)",287,305,"(D)","(D)","(D)","(D)","(D)","(NA)"
"43900","Spartanburg, SC (Metropolitan Statistical Area)"," ","900","Real GDP by metropolitan area","67","562","    Waste management and remediation services","(D)",33,33,33,33,30,31,"(D)","(D)","(D)","(D)","(D)","(D)","(D)","(NA)"
"43900","Spartanburg, SC (Metropolitan Statistical Area)"," ","900","Real GDP by metropolitan area","68","61, 62","  Educational services, health care, and social assistance",636,661,686,697,717,758,760,801,757,748,765,764,771,793,815
"43900","Spartanburg, SC (Metropolitan Statistical Area)"," ","900","Real GDP by metropolitan area","69","61","   Educational services",67,68,"(D)","(D)","(D)","(D)","(D)","(D)","(D)","(D)","(D)","(D)","(D)","(D)","(D)"
"43900","Spartanburg, SC (Metropolitan Statistical Area)"," ","900","Real GDP by metropolitan area","70","62","   Health care and social assistance",569,592,"(D)","(D)","(D)","(D)","(D)","(D)","(D)","(D)","(D)","(D)","(D)","(D)","(D)"
"43900","Spartanburg, SC (Metropolitan Statistical Area)"," ","900","Real GDP by metropolitan area","71","621","    Ambulatory health care services",297,329,347,360,371,395,390,421,413,413,424,424,436,444,"(NA)"
"43900","Spartanburg, SC (Metropolitan Statistical Area)"," ","900","Real GDP by metropolitan area","72","622-623","    Hospitals and nursing and residential care facilities","(D)","(D)","(D)","(D)","(D)","(D)","(D)","(D)","(D)","(D)","(D)","(D)",210,"(D)","(NA)"
"43900","Spartanburg, SC (Metropolitan Statistical Area)"," ","900","Real GDP by metropolitan area","73","624","    Social assistance","(D)","(D)","(D)","(D)","(D)","(D)","(D)","(D)","(D)","(D)","(D)","(D)","(D)",43,"(NA)"
"43900","Spartanburg, SC (Metropolitan Statistical Area)"," ","900","Real GDP by metropolitan area","74","71, 72","  Arts, entertainment, recreation, accommodation, and food services",325,330,343,344,357,351,378,419,387,388,381,389,411,416,453
"43900","Spartanburg, SC (Metropolitan Statistical Area)"," ","900","Real GDP by metropolitan area","75","71","   Arts, entertainment, and recreation",31,33,28,35,48,53,64,"(D)",55,40,35,36,41,42,"(D)"
"43900","Spartanburg, SC (Metropolitan Statistical Area)"," ","900","Real GDP by metropolitan area","76","711-712","    Performing arts, spectator sports, museums, and related activities","(D)","(D)","(D)","(D)","(D)","(D)","(D)","(D)","(D)","(D)","(D)","(D)","(D)","(D)","(NA)"
"43900","Spartanburg, SC (Metropolitan Statistical Area)"," ","900","Real GDP by metropolitan area","77","713","    Amusements, gambling, and recreation industries","(D)","(D)","(D)","(D)","(D)","(D)","(D)","(D)","(D)","(D)","(D)","(D)","(D)","(D)","(NA)"
"43900","Spartanburg, SC (Metropolitan Statistical Area)"," ","900","Real GDP by metropolitan area","78","72","   Accommodation and food services",296,299,317,310,310,298,314,"(D)",332,347,347,353,370,374,"(D)"
"43900","Spartanburg, SC (Metropolitan Statistical Area)"," ","900","Real GDP by metropolitan area","79","721","    Accommodation",59,38,39,53,47,44,44,"(D)",34,35,39,43,55,56,"(NA)"
"43900","Spartanburg, SC (Metropolitan Statistical Area)"," ","900","Real GDP by metropolitan area","80","722","    Food services and drinking places",234,260,277,255,261,253,268,315,298,312,308,310,315,318,"(NA)"
"43900","Spartanburg, SC (Metropolitan Statistical Area)"," ","900","Real GDP by metropolitan area","81","81","  Other services, except government",288,283,277,281,282,280,271,256,242,236,239,240,246,251,"(D)"
"43900","Spartanburg, SC (Metropolitan Statistical Area)"," ","900","Real GDP by metropolitan area","82","92"," Government",1417,1436,1437,1444,1472,1471,1499,1531,1538,1509,1556,1533,1508,1506,1521
"43900","Spartanburg, SC (Metropolitan Statistical Area)"," ","900","Real GDP by metropolitan area","83","...","  Federal civilian",57,55,54,54,53,54,54,54,53,55,51,51,51,54,"(NA)"
"43900","Spartanburg, SC (Metropolitan Statistical Area)"," ","900","Real GDP by metropolitan area","84","...","  Federal military",34,42,54,54,57,50,48,54,61,59,53,47,45,42,"(NA)"
"43900","Spartanburg, SC (Metropolitan Statistical Area)"," ","900","Real GDP by metropolitan area","85","...","  State and local",1325,1339,1329,1335,1361,1367,1398,1424,1424,1396,1453,1435,1412,1411,"(NA)"
"43900","Spartanburg, SC (Metropolitan Statistical Area)"," ","900","Real GDP by metropolitan area","86","11, 21","Natural resources and mining",73,82,91,"(D)","(D)",81,73,70,84,82,54,46,53,62,57
"43900","Spartanburg, SC (Metropolitan Statistical Area)"," ","900","Real GDP by metropolitan area","87","42, 44-45","Trade",1717,1754,1718,1779,1789,1890,1883,1864,1643,1675,1653,1693,1807,1922,2005
"43900","Spartanburg, SC (Metropolitan Statistical Area)"," ","900","Real GDP by metropolitan area","88","...","Transportation and utilities",334,345,318,341,391,427,410,432,371,417,422,407,527,542,559
"43900","Spartanburg, SC (Metropolitan Statistical Area)"," ","900","Real GDP by metropolitan area","89","...","Private goods-producing industries",4073,4213,4499,4166,4182,4404,4294,4037,3363,4071,4465,4500,4525,4705,4620
"43900","Spartanburg, SC (Metropolitan Statistical Area)"," ","900","Real GDP by metropolitan area","90","...","Private services-providing industries",4825,5050,5136,5426,5543,5731,6006,6193,5740,5830,5875,5796,6069,6310,6485
"43900","Spartanburg, SC (Metropolitan Statistical Area)"," ","1000","Per capita real GDP by metropolitan area","1","...","All industry total",35947,37048,38186,37829,38038,38847,38838,38055,34059,36348,37737,37290,37899,38884,38771
"Note: See the included footnote file."
NAICS Industry detail is based on the 2007 North American Industry Classification System (NAICS).
"Source: U.S. Department of Commerce / Bureau of Economic Analysis / Regional Product Division"
